<?xml version="1.0" encoding="UTF-8"?>
<project-private xmlns="http://www.netbeans.org/ns/project-private/1">
    <editor-bookmarks xmlns="http://www.netbeans.org/ns/editor-bookmarks/2" lastBookmarkId="0"/>
    <open-files xmlns="http://www.netbeans.org/ns/projectui-open-files/2">
        <group>
            <file>file:/E:/Ammar/Semester_4/PBO/Program/Tugas/Posttest4/src/auth/auth.java</file>
            <file>file:/E:/Ammar/Semester_4/PBO/Program/Tugas/Posttest4/src/model/Pemasok.java</file>
            <file>file:/E:/Ammar/Semester_4/PBO/Program/Tugas/Posttest4/src/crud/CrudBahan.java</file>
            <file>file:/E:/Ammar/Semester_4/PBO/Program/Tugas/Posttest4/src/model/TransaksiMasuk.java</file>
            <file>file:/E:/Ammar/Semester_4/PBO/Program/Tugas/Posttest4/src/model/BahanBaku.java</file>
            <file>file:/E:/Ammar/Semester_4/PBO/Program/Tugas/Posttest4/src/posttest4/Main.java</file>
            <file>file:/E:/Ammar/Semester_4/PBO/Program/Tugas/Posttest4/src/crud/Crud.java</file>
            <file>file:/E:/Ammar/Semester_4/PBO/Program/Tugas/Posttest4/src/model/TransaksiKeluar.java</file>
            <file>file:/E:/Ammar/Semester_4/PBO/Program/Tugas/Posttest4/src/crud/CrudResep.java</file>
            <file>file:/E:/Ammar/Semester_4/PBO/Program/Tugas/Posttest4/src/model/Produk.java</file>
            <file>file:/E:/Ammar/Semester_4/PBO/Program/Tugas/Posttest4/src/model/Resep.java</file>
            <file>file:/E:/Ammar/Semester_4/PBO/Program/Tugas/Posttest4/src/crud/CrudProduk.java</file>
            <file>file:/E:/Ammar/Semester_4/PBO/Program/Tugas/Posttest4/src/model/Pengguna.java</file>
        </group>
    </open-files>
</project-private>
